siren,adresse,nom,type,latitude,longitude,result_label,result_score,result_type,result_id,result_housenumber,result_name,result_street,result_postcode,result_city,result_context,result_citycode,result_oldcitycode,result_oldcity,result_district
200057974,"9 route de vaugirard, 92190 Meudon",EPT GRAND PARIS SEINE OUEST (GPSO - T3),EPT,48.820083,2.242156,9 Route de Vaugirard 92190 Meudon,0.97,housenumber,92048_2510_00009,9,Route de Vaugirard,,92190,Meudon,"92, Hauts-de-Seine, Île-de-France",92048,,,
200058014,"2 avenue youri gagarine, 94400 Vitry-sur-seine",ETP GRAND ORLY SEINE BIEVRE (T12),EPT,48.788617,2.388681,2 Avenue Youri Gagarine 94400 Vitry-sur-Seine,0.97,housenumber,94081_9965_00002,2,Avenue Youri Gagarine,,94400,Vitry-sur-Seine,"94, Val-de-Marne, Île-de-France",94081,,,
200058006,"14 rue edouard le corbusier, 94000 Creteil",ETP GRAND PARIS SUD EST AVENIR (GPSEA - T11),EPT,48.76486,2.469805,14 Rue le Corbusier 94000 Créteil,0.78,housenumber,94028_3134_00014,14,Rue le Corbusier,,94000,Créteil,"94, Val-de-Marne, Île-de-France",94028,,,
244900015,"83 rue du mail, 49100 Angers",ANGERS LOIRE METROPOLE,CU,47.4719,-0.547983,83 Rue du Mail 49100 Angers,0.98,housenumber,49007_5060_00083,83,Rue du Mail,,49100,Angers,"49, Maine-et-Loire, Pays de la Loire",49007,,,
243300316,"esplanade charles de gaulle, 33000 Bordeaux",BORDEAUX METROPOLE,MET,44.837742,-0.584513,Esplanade Charles de Gaulle 33000 Bordeaux,0.97,street,33063_1916,,Esplanade Charles de Gaulle,,33000,Bordeaux,"33, Gironde, Nouvelle-Aquitaine",33063,,,
200011773,"11 avenue emile zola, 74100 Annemasse",CA ANNEMASSE LES VOIRONS AGGLOMERATION,CA,46.19859,6.236053,11 Avenue Émile Zola 74100 Annemasse,0.96,housenumber,74012_0446_00011,11,Avenue Émile Zola,,74100,Annemasse,"74, Haute-Savoie, Auvergne-Rhône-Alpes",74012,,,
200041630,"49 avenue leon bourgeois, 08000 Charleville-mezieres",CA ARDENNE METROPOLE,CA,49.75394,4.717,49 Avenue Léon Bourgeois 08000 Charleville-Mézières,0.97,housenumber,08105_2160_00049,49,Avenue Léon Bourgeois,,08000,Charleville-Mézières,"08, Ardennes, Grand Est",08105,,,
241300417,"5 rue yvan audouard, 13200 Arles",CA ARLES CRAU CAMARGUE MONTAGNETTE,CA,43.673879,4.638792,5 Rue Yvan Audouard 13200 Arles,0.96,housenumber,13004_0357_00005,5,Rue Yvan Audouard,,13200,Arles,"13, Bouches-du-Rhône, Provence-Alpes-Côte d'Azur",13004,,,
200033025,"12 rue lapique, 55000 Bar-le-duc",CA BAR LE DUC SUD MEUSE,CA,48.771366,5.162416,12 Rue Lapique 55000 Bar-le-Duc,0.96,housenumber,55029_0550_00012,12,Rue Lapique,,55000,Bar-le-Duc,"55, Meuse, Grand Est",55029,,,
200006682,"14 rue philippe trinquet, 21200 Beaune",CA BEAUNE COTE ET SUD,CA,47.017451,4.846872,14 Rue Philippe Trinquet 21200 Beaune,0.96,housenumber,21054_3470_00014,14,Rue Philippe Trinquet,,21200,Beaune,"21, Côte-d'Or, Bourgogne-Franche-Comté",21054,,,
200039915,"place de l hotel de ville, 06400 Cannes",CA CANNES PAYS DE LERINS,CA,43.556708,6.966771,Résidence la Joie de Vivre 06400 Cannes,0.49,street,06029_st7co5,,Résidence la Joie de Vivre,,06400,Cannes,"06, Alpes-Maritimes, Provence-Alpes-Côte d'Azur",06029,,,
200010700,"allée du catillon, 76170 Lillebonne",CA CAUX VALLEE DE SEINE,CA,49.535497,0.55146,Rue du Fond Vallee 76170 Lillebonne,0.59,street,76384_0360,,Rue du Fond Vallee,,76170,Lillebonne,"76, Seine-Maritime, Normandie",76384,,,
243600327,"place de la republique, 36000 Chateauroux",CA CHATEAUROUX METROPOLE,CA,46.811543,1.691936,Place de la Republique 36000 Châteauroux,0.97,street,36044_2520,,Place de la Republique,,36000,Châteauroux,"36, Indre, Centre-Val de Loire",36044,,,
200057859,"1 place saint exupery, 91700 Sainte-genevieve-des-bois",CA COEUR D'ESSONNE AGGLOMERATION,CA,48.638261,2.332626,1 Place Saint Exupery 91700 Sainte-Geneviève-des-Bois,0.96,housenumber,91549_3700_00001,1,Place Saint Exupery,,91700,Sainte-Geneviève-des-Bois,"91, Essonne, Île-de-France",91549,,,
246800726,"32 cours sainte anne, 68000 Colmar",CA COLMAR,CA,48.080377,7.357919,32 Cours Sainte Anne 68000 Colmar,0.97,housenumber,68066_3638_00032,32,Cours Sainte Anne,,68000,Colmar,"68, Haut-Rhin, Grand Est",68066,,,
243400769,"39 boulevard de verdun, 34500 Beziers",CA DE BEZIERS MEDITERRANEE,CA,43.336234,3.225023,39 Boulevard de Verdun 34500 Béziers,0.97,housenumber,34032_7950_00039,39,Boulevard de Verdun,,34500,Béziers,"34, Hérault, Occitanie",34032,,,
200030385,"1 rue honore de balzac, 41000 Blois",CA DE BLOIS,CA,47.594629,1.329817,1 Rue Honore de Balzac 41000 Blois,0.97,housenumber,41018_1990_00001,1,Rue Honore de Balzac,,41000,Blois,"41, Loir-et-Cher, Centre-Val de Loire",41018,,,
248100430,"le causse, 81100 Castres",CA DE CASTRES MAZAMET,CA,43.626921,2.225317,Chemin de Causse 81100 Castres,0.7,street,81065_0850,,Chemin de Causse,,81100,Castres,"81, Tarn, Occitanie",81065,,,
200066876,"place du marechal foch, 51000 Chalons-en-champagne",CA DE CHALONS EN CHAMPAGNE,CA,48.956649,4.362286,Place du Maréchal Foch 51000 Châlons-en-Champagne,0.97,street,51108_2140,,Place du Maréchal Foch,,51000,Châlons-en-Champagne,"51, Marne, Grand Est",51108,,,
200067874,"84 route de strasbourg, 67500 Haguenau",CA DE HAGUENAU,CA,48.803819,7.768429,84 Route de Strasbourg 67500 Haguenau,0.97,housenumber,67180_2920_00084,84,Route de Strasbourg,,67500,Haguenau,"67, Bas-Rhin, Grand Est",67180,,,
248100737,"16 rue de l hotel de ville, 81000 Albi",CA DE L'ALBIGEOIS,CA,43.927146,2.146534,16 Rue de l’Hôtel de Ville 81000 Albi,0.97,housenumber,81004_1800_00016,16,Rue de l’Hôtel de Ville,,81000,Albi,"81, Tarn, Occitanie",81004,,,
200067114,"6 b place marechal leclerc, 89000 Auxerre",CA DE L'AUXERROIS,CA,47.795286,3.570101,6bis Place du Marechal Leclerc 89000 Auxerre,0.81,housenumber,89024_4620_00006_bis,6bis,Place du Marechal Leclerc,,89000,Auxerre,"89, Yonne, Bourgogne-Franche-Comté",89024,,,
244400610,"3 avenue des noelles, 44500 La baule-escoublac",CA DE LA PRESQU'ILE DE GUERANDE ATLANTIQUE,CA,47.291261,-2.394205,3 Avenue des Noëlles 44500 La Baule-Escoublac,0.97,housenumber,44055_2625_00003,3,Avenue des Noëlles,,44500,La Baule-Escoublac,"44, Loire-Atlantique, Pays de la Loire",44055,,,
247600786,"4 boulevard du general de gaulle, 76200 Dieppe",CA DE LA REGION DIEPPOISE,CA,49.923631,1.080531,4 Boulevard du General de Gaulle 76200 Dieppe,0.97,housenumber,76217_1225_00004,4,Boulevard du General de Gaulle,,76200,Dieppe,"76, Seine-Maritime, Normandie",76217,,,
244400644,"4 avenue cdt de l herminier, 44600 Saint-nazaire",CA DE LA REGION NAZAIRIENNE ET DE L'ESTUAIRE,CA,47.28575,-2.21241,4 Avenue du Commandant l’Herminier 44600 Saint-Nazaire,0.73,housenumber,44184_1220_00004,4,Avenue du Commandant l’Herminier,,44600,Saint-Nazaire,"44, Loire-Atlantique, Pays de la Loire",44184,,,
240600551,"16 rue villarey, 06500 Menton",CA DE LA RIVIERA FRANCAISE,CA,43.77628,7.501188,16 Rue Villarey 06500 Menton,0.96,housenumber,06083_1530_00016,16,Rue Villarey,,06500,Menton,"06, Alpes-Maritimes, Provence-Alpes-Côte d'Azur",06083,,,
245300330,"1 place general ferrie, 53000 Laval",CA DE LAVAL,CA,48.077333,-0.785389,1 Place du General Ferrie 53000 Laval,0.88,housenumber,53130_1876_00001,1,Place du General Ferrie,,53000,Laval,"53, Mayenne, Pays de la Loire",53130,,,
245804406,"124 rue de marzy, 58000 Nevers",CA DE NEVERS,CA,46.988185,3.119403,124 Rue de Marzy 58000 Nevers,0.97,housenumber,58194_3630_00124,124,Rue de Marzy,,58000,Nevers,"58, Nièvre, Bourgogne-Franche-Comté",58194,,,
200073344,"22 rue gustave eiffel, 78120 Rambouillet",CA DE RAMBOUILLET TERRITOIRES,CA,48.625134,1.824707,22 Rue Gustave Eiffel 78120 Rambouillet,0.97,housenumber,78517_0384_00022,22,Rue Gustave Eiffel,,78120,Rambouillet,"78, Yvelines, Île-de-France",78517,,,
245901160,"2 place de l hopital general, 59300 Valenciennes",CA DE VALENCIENNES METROPOLE,CA,50.362457,3.525686,2 Place de l’Hôpital Général 59300 Valenciennes,0.96,housenumber,59606_1990_00002,2,Place de l’Hôpital Général,,59300,Valenciennes,"59, Nord, Hauts-de-France",59606,,,
247000011,"6 rue de la mutualite, 70000 Vesoul",CA DE VESOUL,CA,47.61835,6.152408,6 Rue de la Mutualité 70000 Vesoul,0.95,housenumber,70550_0824_00006,6,Rue de la Mutualité,,70000,Vesoul,"70, Haute-Saône, Bourgogne-Franche-Comté",70550,,,
200068989,"8 boulevard simone veil, 22100 Dinan",CA DINAN AGGLOMERATION,CA,48.455631,-2.058462,8 Boulevard Simone Veil 22100 Dinan,0.96,housenumber,22050_0534_00008,8,Boulevard Simone Veil,,22100,Dinan,"22, Côtes-d'Armor, Bretagne",22050,22050,Dinan,
248300493,"7 rue des endronnes, 83300 Draguignan",CA DRACENIE PROVENCE VERDON AGGLOMERATION,CA,43.537614,6.465404,7 Rue des Endronnes 83300 Draguignan,0.96,housenumber,83050_0780_00007,7,Rue des Endronnes,,83300,Draguignan,"83, Var, Provence-Alpes-Côte d'Azur",83050,,,
200043172,"9 avenue leo lagrange, 19100 Brive-la-gaillarde",CA DU BASSIN DE BRIVE,CA,45.159227,1.541561,9 Avenue Leo Lagrange 19100 Brive-la-Gaillarde,0.97,housenumber,19031_3910_00009,9,Avenue Leo Lagrange,,19100,Brive-la-Gaillarde,"19, Corrèze, Nouvelle-Aquitaine",19031,,,
246200729,"1 boulevard du bassin napoleon, 62200 Boulogne-sur-mer",CA DU BOULONNAIS,CA,50.722327,1.597169,1 Boulevard Bassin Napoleon 62200 Boulogne-sur-Mer,0.91,housenumber,62160_0392_00001,1,Boulevard Bassin Napoleon,,62200,Boulogne-sur-Mer,"62, Pas-de-Calais, Hauts-de-France",62160,,,
200067205,"8 rue des vindits, 50130 Cherbourg-en-cotentin",CA DU COTENTIN,CA,49.634352,-1.654065,8 Rue des Vindits 50130 Cherbourg-en-Cotentin,0.97,housenumber,50129_2199_00008,8,Rue des Vindits,,50130,Cherbourg-en-Cotentin,"50, Manche, Normandie",50129,50129,Cherbourg-Octeville,
200044618,"746 rue jean perrin, 59500 Douai",CA DU DOUAISIS,CA,50.397151,3.101128,746 Rue Jean Perrin 59500 Douai,0.97,housenumber,59178_2311_00746,746,Rue Jean Perrin,,59500,Douai,"59, Nord, Hauts-de-France",59178,,,
242500361,"4 rue gabriel plancon, 25000 Besancon",CA DU GRAND BESANCON,CA,47.2347,6.01537,4 Rue Gabriel Plancon 25000 Besançon,0.97,housenumber,25056_2230_00004,4,Rue Gabriel Plancon,,25000,Besançon,"25, Doubs, Bourgogne-Franche-Comté",25056,,,
200023737,"72 rue du president wilson, 46000 Cahors",CA DU GRAND CAHORS,CA,44.446218,1.439927,72 Rue du President Wilson 46000 Cahors,0.97,housenumber,46042_2870_00072,72,Rue du President Wilson,,46000,Cahors,"46, Lot, Occitanie",46042,,,
248900334,"21 boulevard du 14 juillet, 89100 Sens",CA DU GRAND SENONAIS,CA,48.195291,3.2851,21 Boulevard du 14 Juillet 89100 Sens,0.97,housenumber,89387_4500_00021,21,Boulevard du 14 Juillet,,89100,Sens,"89, Yonne, Bourgogne-Franche-Comté",89387,,,
242010056,"18 rue antoine sollacaro, 20090 Ajaccio",CA DU PAYS AJACCIEN,CA,41.929866,8.738556,Rue Antoine Sollacaro 20090 Ajaccio,0.89,street,2A004_0054,,Rue Antoine Sollacaro,,20090,Ajaccio,"2A, Corse-du-Sud, Corse",2A004,,,
200039857,"57 avenue pierre semard, 06130 Grasse",CA DU PAYS DE GRASSE,CA,43.656709,6.9307,57 Avenue Pierre Sémard 06130 Grasse,0.97,housenumber,06069_3490_00057,57,Avenue Pierre Sémard,,06130,Grasse,"06, Alpes-Maritimes, Provence-Alpes-Côte d'Azur",06069,,,
243500782,"6 la ville jegu, 35260 Cancale",CA DU PAYS DE SAINT MALO,CA,48.67433,-1.867128,6 La Ville Jegu 35260 Cancale,0.95,housenumber,35049_c055_00006,6,La Ville Jegu,,35260,Cancale,"35, Ille-et-Vilaine, Bretagne",35049,,,
200073419,"place de la liberation, 43000 Le puy-en-velay",CA DU PUY EN VELAY,CA,45.047411,3.876854,Place de la Liberation 43000 Le Puy-en-Velay,0.96,street,43157_1215,,Place de la Liberation,,43000,Le Puy-en-Velay,"43, Haute-Loire, Auvergne-Rhône-Alpes",43157,,,
200071892,"58 boulevard victor hugo, 02100 Saint-quentin",CA DU SAINT QUENTINOIS,CA,49.841761,3.284852,58 Boulevard Victor Hugo 02100 Saint-Quentin,0.97,housenumber,02691_5620_00058,58,Boulevard Victor Hugo,,02100,Saint-Quentin,"02, Aisne, Hauts-de-France",02691,,,
200034700,"16 place de l hotel de ville, 04100 Manosque",CA DURANCE LUBERON VERDON,CA,43.83373,5.782661,16 Place de l’Hôtel de Ville 04100 Manosque,0.96,housenumber,04112_0460_00016,16,Place de l’Hôtel de Ville,,04100,Manosque,"04, Alpes-de-Haute-Provence, Provence-Alpes-Côte d'Azur",04112,,,
200071454,"9 rue voltaire, 27000 Evreux",CA EVREUX PORTES DE NORMANDIE,CA,49.009167,1.157405,9 Rue Voltaire 27000 Évreux,0.96,housenumber,27229_3456_00009,9,Rue Voltaire,,27000,Évreux,"27, Eure, Normandie",27229,,,
200069821,"825 route de valmont, 76400 Fecamp",CA FECAMP CAUX LITTORAL AGGLOMERATION,CA,49.75109,0.414625,825 Route de Valmont 76400 Fécamp,0.97,housenumber,76259_1850_00825,825,Route de Valmont,,76400,Fécamp,"76, Seine-Maritime, Normandie",76259,,,
200066124,81600 Tecou,CA GAILLAC GRAULHET,CA,43.842324,1.932871,Técou,0.94,municipality,81294,,Técou,,81600,Técou,"81, Tarn, Occitanie",81294,,,
200067825,"3 rue colonel roux, 05000 Gap",CA GAP TALLARD DURANCE,CA,44.558774,6.079671,3 Rue du Colonel Roux 05000 Gap,0.88,housenumber,05061_0630_00003,3,Rue du Colonel Roux,,05000,Gap,"05, Hautes-Alpes, Provence-Alpes-Côte d'Azur",05061,05061,Gap,
248400251,"320 chemin des meinajaries, 84140 Avignon",CA GRAND AVIGNON,CA,43.90941,4.887105,320 Chemin des Meinajaries Mft 84140 Avignon,0.88,housenumber,84007_3806_00320,320,Chemin des Meinajaries Mft,,84140,Avignon,"84, Vaucluse, Provence-Alpes-Côte d'Azur",84007,,,
200069052,"place d armes, 90000 Belfort",CA GRAND BELFORT,CA,47.638459,6.863044,Place d’Armes 90000 Belfort,0.96,street,90010_0310,,Place d’Armes,,90000,Belfort,"90, Territoire de Belfort, Bourgogne-Franche-Comté",90010,,,
247100589,"23 avenue georges pompidou, 71100 Chalon-sur-saone",CA GRAND CHALON,CA,46.779863,4.845234,23 Avenue Georges Pompidou 71100 Chalon-sur-Saône,0.97,housenumber,71076_3218_00023,23,Avenue Georges Pompidou,,71100,Chalon-sur-Saône,"71, Saône-et-Loire, Bourgogne-Franche-Comté",71076,,,
200069110,"106 allée des blacheres, 73000 Chambery",CA GRAND CHAMBERY AGGLOMERATION,CA,45.598986,5.89644,106 Allée des Blachères 73000 Chambéry,0.96,housenumber,73065_0356_00106,106,Allée des Blachères,,73000,Chambéry,"73, Savoie, Auvergne-Rhône-Alpes",73065,,,
200010650,"place de l europe, 39100 Dole",CA GRAND DOLE,CA,47.09053,5.489046,Place de l’Europe 39100 Dole,0.95,street,39198_0959,,Place de l’Europe,,39100,Dole,"39, Jura, Bourgogne-Franche-Comté",39198,,,
200034825,"9 avenue charles de gaulle, 23000 Gueret",CA GRAND GUERET,CA,46.170889,1.874464,9 Avenue Charles de Gaulle 23000 Guéret,0.96,housenumber,23096_0427_00009,9,Avenue Charles de Gaulle,,23000,Guéret,"23, Creuse, Nouvelle-Aquitaine",23096,,,
200059228,"505 place des champs elysees, 91080 Evry-courcouronnes",CA GRAND PARIS SUD SEINE ESSONNE SENART,CA,48.64078,2.432914,Place des Champs Élysées (Évry) 91080 Évry-Courcouronnes,0.81,street,91228_3338,,Place des Champs Élysées (Évry),,91080,Évry-Courcouronnes,"91, Essonne, Île-de-France",91228,91228,Évry,
247600596,"19 rue georges braque, 76600 Le havre",CA HAVRAISE,CA,49.495033,0.104816,19 Rue Georges Braque 76600 Le Havre,0.98,housenumber,76351_3490_00019,19,Rue Georges Braque,,76600,Le Havre,"76, Seine-Maritime, Normandie",76351,,,
243400819,"22 avenue 3 eme millenaire, 34630 Saint-thibery",CA HERAULT MEDITERRANEE,CA,43.391343,3.419183,22 Avenue du Troisième Millénaire 34630 Saint-Thibéry,0.74,housenumber,34289_0357_00022,22,Avenue du Troisième Millénaire,,34630,Saint-Thibéry,"34, Hérault, Occitanie",34289,,,
248500589,"place du theatre, 85000 La roche-sur-yon",CA LA ROCHE SUR YON,CA,46.671005,-1.429652,Place du Théâtre 85000 La Roche-sur-Yon,0.97,street,85191_2480,,Place du Théâtre,,85000,La Roche-sur-Yon,"85, Vendée, Pays de la Loire",85191,,,
241700434,"6 rue saint michel, 17000 La rochelle",CA LA ROCHELLE,CA,46.159783,-1.149986,6 Rue Saint-Michel 17000 La Rochelle,0.97,housenumber,17300_7400_00006,6,Rue Saint-Michel,,17000,La Rochelle,"17, Charente-Maritime, Nouvelle-Aquitaine",17300,,,
200065928,"1 rue gaspard monge, 22300 Lannion",CA LANNION TREGOR COMMUNAUTE,CA,48.756354,-3.449292,1 Rue Gaspard Monge 22300 Lannion,0.96,housenumber,22113_3002_00001,1,Rue Gaspard Monge,,22300,Lannion,"22, Côtes-d'Armor, Bretagne",22113,,,
200069532,"6 rue d alencon, 14100 Lisieux",CA LISIEUX NORMANDIE,CA,49.142701,0.226954,6 Rue d’Alençon 14100 Lisieux,0.97,housenumber,14366_0030_00006,6,Rue d’Alençon,,14100,Lisieux,"14, Calvados, Normandie",14366,,,
200065886,"17 boulevard de la prefecture, 42600 Montbrison",CA LOIRE FOREZ AGGLOMERATION,CA,45.608644,4.061736,17 Boulevard de la Préfecture 42600 Montbrison,0.97,housenumber,42147_0890_00017,17,Boulevard de la Préfecture,,42600,Montbrison,"42, Loire, Auvergne-Rhône-Alpes",42147,,,
200042174,"esplanade du peristyle, 56100 Lorient",CA LORIENT AGGLOMERATION,CA,47.743926,-3.351726,Esplanade du Péristyle 56100 Lorient,0.96,locality,56121_4347,,Esplanade du Péristyle,,56100,Lorient,"56, Morbihan, Bretagne",56121,,,
200070308,"67 esplanade du breuil, 71000 Macon",CA MACONNAIS BEAUJOLAIS,CA,46.314472,4.837414,67 Esplanade du Breuil 71000 Mâcon,0.96,housenumber,71270_b314_00067,67,Esplanade du Breuil,,71000,Mâcon,"71, Saône-et-Loire, Bourgogne-Franche-Comté",71270,,,
200069425,"1 rue du general ruel, 50300 Avranches",CA MONT SAINT MICHEL NORMANDIE,CA,48.685338,-1.351699,1 Rue du Général Ruel 50300 Avranches,0.95,housenumber,50025_0575_00001,1,Rue du Général Ruel,,50300,Avranches,"50, Manche, Normandie",50025,,,
240300608,"1 rue des conches, 03100 Montlucon",CA MONTLUÇON COMMUNAUTE,CA,46.343701,2.606101,1 Rue des Conches 03100 Montluçon,0.96,housenumber,03185_1050_00001,1,Rue des Conches,,03100,Montluçon,"03, Allier, Auvergne-Rhône-Alpes",03185,,,
200071140,"8 place mal de tassigny, 03000 Moulins",CA MOULINS COMMUNAUTE,CA,46.561833,3.330486,8 Pl du Mal de Lattre de Tassigny 03000 Moulins,0.69,housenumber,03190_1430_00008,8,Pl du Mal de Lattre de Tassigny,,03000,Moulins,"03, Allier, Auvergne-Rhône-Alpes",03190,,,
200066009,"2 rue pierre et marie curie, 68200 Mulhouse",CA MULHOUSE ALSACE AGGLOMERATION,CA,47.749928,7.33623,2 Rue Pierre et Marie Curie 68200 Mulhouse,0.96,housenumber,68224_5740_00002,2,Rue Pierre et Marie Curie,,68200,Mulhouse,"68, Haut-Rhin, Grand Est",68224,,,
200056232,"21 rue jean rostand, 91400 Orsay",CA PARIS SACLAY,CA,48.709439,2.175463,Rue Jean Rostand 91400 Orsay,0.87,street,91471_2799,,Rue Jean Rostand,,91400,Orsay,"91, Essonne, Île-de-France",91471,,,
200067254,"2 b place royale, 64000 Pau",CA PAU BEARN PYRENEES,CA,43.293766,-0.370416,2bis Place Royale 64000 Pau,0.82,housenumber,64445_3830_00002_bis,2bis,Place Royale,,64000,Pau,"64, Pyrénées-Atlantiques, Nouvelle-Aquitaine",64445,,,
240100750,"135 rue de geneve, 01170 Gex",CA PAYS DE GEX,CA,46.330914,6.05819,135 Rue de Geneve 01170 Gex,0.97,housenumber,01173_0360_00135,135,Rue de Geneve,,01170,Gex,"01, Ain, Auvergne-Rhône-Alpes",01173,,,
200069037,"2 rue albert camus, 62219 Longuenesse",CA PAYS DE SAINT OMER,CA,50.738635,2.275445,2 Rue Albert Camus 62219 Longuenesse,0.95,housenumber,62525_0003_00002,2,Rue Albert Camus,,62219,Longuenesse,"62, Pas-de-Calais, Hauts-de-France",62525,,,
200067791,"1 a avenue du general de gaulle, 09000 Foix",CA PAYS FOIX VARILHES,CA,42.960363,1.609389,1a Avenue du Général de Gaulle 09000 Foix,0.9,housenumber,09122_0610_00001_a,1a,Avenue du Général de Gaulle,,09000,Foix,"09, Ariège, Occitanie",09122,,,
243800604,"17 avenue du bourg, 38080 L'isle-d'abeau",CA PORTE DE L'ISERE,CA,45.620197,5.22968,17 Avenue du Bourg 38080 L'Isle-d'Abeau,0.96,housenumber,38193_0030_00017,17,Avenue du Bourg,,38080,L'Isle-d'Abeau,"38, Isère, Auvergne-Rhône-Alpes",38193,,,
200071413,"1 rue serre du serret, 07000 Privas",CA PRIVAS CENTRE ARDECHE,CA,44.734372,4.600368,1 Rue Serre du Serret 07000 Privas,0.95,housenumber,07186_0877_00001,1,Rue Serre du Serret,,07000,Privas,"07, Ardèche, Auvergne-Rhône-Alpes",07186,,,
200067437,"4 rue klein, 04000 Digne-les-bains",CA PROVENCE ALPES AGGLOMERATION,CA,44.089608,6.233043,4 Rue Klein 04000 Digne-les-Bains,0.96,housenumber,04070_0940_00004,4,Rue Klein,,04000,Digne-les-Bains,"04, Alpes-de-Haute-Provence, Provence-Alpes-Côte d'Azur",04070,,,
200068120,"44 place st corentin, 29000 Quimper",CA QUIMPER BRETAGNE OCCIDENTALE,CA,47.996194,-4.102035,44 Place Saint Corentin 29000 Quimper,0.85,housenumber,29232_5830_00044,44,Place Saint Corentin,,29000,Quimper,"29, Finistère, Bretagne",29232,,,
243500741,"3 rue charles sillard, 35600 Redon",CA REDON AGGLOMERATION,CA,47.652999,-2.094286,3 Rue Charles Sillard 35600 Redon,0.96,housenumber,35236_0290_00003,3,Rue Charles Sillard,,35600,Redon,"35, Ille-et-Vilaine, Bretagne",35236,,,
200067965,"place de l hotel de ville, 60200 Compiegne",CA REGION DE COMPIEGNE ET DE LA BASSE AUTOMNE,CA,49.417732,2.825644,Place de l’Hôtel de Ville 60200 Compiègne,0.97,street,60159_1910,,Place de l’Hôtel de Ville,,60200,Compiègne,"60, Oise, Hauts-de-France",60159,,,
200035731,"63 rue jean jaures, 42300 Roanne",CA ROANNAIS AGGLOMERATION,CA,46.03576,4.071037,63 Rue Jean Jaurès 42300 Roanne,0.97,housenumber,42187_1610_00063,63,Rue Jean Jaurès,,42300,Roanne,"42, Loire, Auvergne-Rhône-Alpes",42187,,,
241200187,"1 place adrien rozier, 12000 Rodez",CA RODEZ AGGLOMERATION,CA,44.350496,2.573945,1 Place Adrien Rozier 12000 Rodez,0.96,housenumber,12202_0020_00001,1,Place Adrien Rozier,,12000,Rodez,"12, Aveyron, Occitanie",12202,,,
241700640,"107 avenue de rochefort, 17200 Royan",CA ROYAN ATLANTIQUE,CA,45.638664,-1.025321,107 Avenue de Rochefort 17200 Royan,0.97,housenumber,17306_3110_00107,107,Avenue de Rochefort,,17200,Royan,"17, Charente-Maritime, Nouvelle-Aquitaine",17306,,,
200069409,"5 rue du 71eme ri, 22000 Saint-brieuc",CA SAINT BRIEUC ARMOR AGGLOMERATION,CA,48.511417,-2.763536,5 Rue du 71ème Régiment d’Infanterie 22000 Saint-Brieuc,0.62,housenumber,22278_qv4bxl_00005,5,Rue du 71ème Régiment d’Infanterie,,22000,Saint-Brieuc,"22, Côtes-d'Armor, Bretagne",22278,,,
200066058,"place de l hotel de ville, 68300 Saint-louis",CA SAINT LOUIS AGGLOMERATION,CA,49.060336,-1.5519,Hotel Hurel 50200 Saint-Malo-de-la-Lande,0.4,street,50506_B014,,Hotel Hurel,,50200,Saint-Malo-de-la-Lande,"50, Manche, Normandie",50506,,,
200066355,"4 avenue d aigues, 34110 Frontignan",CA SETE AGGLOPOLE MEDITERRANEE,CA,43.437309,3.70919,4 Avenue d’Aigues 34110 Frontignan,0.96,housenumber,34108_0002_00004,4,Avenue d’Aigues,,34110,Frontignan,"34, Hérault, Occitanie",34108,,,
243100633,"110 rue marco polo, 31670 Labege",CA SICOVAL,CA,43.544117,1.505566,110 Rue Marco Polo 31670 Labège,0.95,housenumber,31254_0246_00110,110,Rue Marco Polo,,31670,Labège,"31, Haute-Garonne, Occitanie",31254,,,
240600585,"cours massena, 06600 Antibes",CA SOPHIA ANTIPOLIS,CA,43.580746,7.127431,Cours Masséna 06600 Antibes,0.97,street,06004_2050,,Cours Masséna,,06600,Antibes,"06, Alpes-Maritimes, Provence-Alpes-Côte d'Azur",06004,,,
200072072,"parc ronsard, 41100 Vendome",CA TERRITOIRES VENDOMOIS,CA,47.798233,1.046077,Avenue Ronsard 41100 Vendôme,0.67,street,41269_1560,,Avenue Ronsard,,41100,Vendôme,"41, Loir-et-Cher, Centre-Val de Loire",41269,,,
245701222,"10 rue de wendel, 57700 Hayange",CA VAL DE FENSCH,CA,49.329156,6.065871,10 Rue de Wendel 57700 Hayange,0.97,housenumber,57306_0420_00010,10,Rue de Wendel,,57700,Hayange,"57, Moselle, Grand Est",57306,,,
200035319,"624 chemin aurelien, 83700 Saint-raphael",CA VAR ESTEREL MEDITERRANEE,CA,43.436856,6.772314,624 Chemin Aurélien 83700 Saint-Raphaël,0.97,housenumber,83118_0315_00624,624,Chemin Aurélien,,83700,Saint-Raphaël,"83, Var, Provence-Alpes-Côte d'Azur",83118,,,
248400053,"1171 avenue du mont ventoux, 84200 Carpentras",CA VENTOUX COMTAT VENAISSIN,CA,44.059319,5.067539,1171 Avenue du Mont-Ventoux 84200 Carpentras,0.98,housenumber,84031_1220_01171,1171,Avenue du Mont-Ventoux,,84200,Carpentras,"84, Vaucluse, Provence-Alpes-Côte d'Azur",84031,,,
247800584,"6 avenue de paris, 78000 Versailles",CA VERSAILLES GRAND PARC,CA,48.801528,2.130958,6 Avenue de Paris 78000 Versailles,0.98,housenumber,78646_2180_00006,6,Avenue de Paris,,78000,Versailles,"78, Yvelines, Île-de-France",78646,,,
200077014,"30 avenue gal leclerc, 38200 Vienne",CA VIENNE CONDRIEU,CA,45.513213,4.865758,30 Avenue Général Leclerc 38200 Vienne,0.83,housenumber,38544_0710_00030,30,Avenue Général Leclerc,,38200,Vienne,"38, Isère, Auvergne-Rhône-Alpes",38544,,,
246500573,65240 Arreau,CC AURE ET LOURON,CC,42.905129,0.361005,Arreau,0.93,municipality,65031,,Arreau,,65240,Arreau,"65, Hautes-Pyrénées, Occitanie",65031,,,
244900882,"15 avenue legoulz de la boulaie, 49150 Bauge-en-anjou",CC BAUGEOIS VALLEE,CC,47.537452,-0.098592,15 Avenue Legoulz de la Boulaie 49150 Baugé-en-Anjou,0.96,housenumber,49018_1140_00015,15,Avenue Legoulz de la Boulaie,,49150,Baugé-en-Anjou,"49, Maine-et-Loire, Pays de la Loire",49018,49018,Baugé,
200066371,"lieu dit bramefond, 46200 Souillac",CC CAUSSES ET VALLEE DE LA DORDOGNE,CC,44.89465,1.476925,Rue du Pont 46200 Souillac,0.47,street,46309_0260,,Rue du Pont,,46200,Souillac,"46, Lot, Occitanie",46309,,,
247600539,"5 rue sylvestre dumesnil, 76430 Saint-romain-de-colbosc",CC CAUX ESTUAIRE,CC,49.529616,0.356939,Rue Sylvestre Duménil 76430 Saint-Romain-de-Colbosc,0.88,street,76647_0520,,Rue Sylvestre Duménil,,76430,Saint-Romain-de-Colbosc,"76, Seine-Maritime, Normandie",76647,,,
200033116,"3 rue du pre benevix, 74300 Cluses",CC CLUSES ARVE ET MONTAGNE,CC,46.057295,6.58159,3 Rue du Pré Benevix 74300 Cluses,0.96,housenumber,74081_1040_00003,3,Rue du Pré Benevix,,74300,Cluses,"74, Haute-Savoie, Auvergne-Rhône-Alpes",74081,,,
241400415,"12 rue robert fossorier, 14800 Deauville",CC COEUR COTE FLEURIE,CC,49.360082,0.074209,12 Rue Robert Fossorier 14800 Deauville,0.96,housenumber,14220_0620_00012,12,Rue Robert Fossorier,,14800,Deauville,"14, Calvados, Normandie",14220,,,
245901152,"avenue du bois, 59287 Lewarde",CC COEUR D'OSTREVENT,CC,50.33728,3.165252,Avenue du Bois 59287 Lewarde,0.95,street,59345_0006,,Avenue du Bois,,59287,Lewarde,"59, Nord, Hauts-de-France",59345,,,
200068815,"31 promenade du campet, 31220 Cazeres",CC COEUR DE GARONNE,CC,43.206271,1.088913,31 Promenade du Campet 31220 Cazères,0.95,housenumber,31135_b068_00031,31,Promenade du Campet,,31220,Cazères,"31, Haute-Garonne, Occitanie",31135,,,
200072098,"rue victor mazuel, 63410 Manzat",CC COMBRAILLES SIOULE ET MORGE,CC,45.961481,2.941141,Rue Victor Mazuel 63410 Manzat,0.95,street,63206_0050,,Rue Victor Mazuel,,63410,Manzat,"63, Puy-de-Dôme, Auvergne-Rhône-Alpes",63206,,,
200039204,"rond point des chenes, 64150 Mourenx",CC DE LACQ-ORTHEZ,CC,43.36121,-0.625593,Allée des Chênes 64150 Mourenx,0.6,street,64410_0150,,Allée des Chênes,,64150,Mourenx,"64, Pyrénées-Atlantiques, Nouvelle-Aquitaine",64410,,,
200041515,"chemin des clos, 54700 Pont-à-mousson",CC DU BASSIN DE PONT A MOUSSON,CC,48.923093,6.035887,Chemin des Clos 54700 Pont-à-Mousson,0.97,street,54431_0145,,Chemin des Clos,,54700,Pont-à-Mousson,"54, Meurthe-et-Moselle, Grand Est",54431,,,
240500439,"1 rue aspirant jan, 05100 Briancon",CC DU BRIANCONNAIS,CC,44.898161,6.644335,1 Rue Aspirant Jan 05100 Briançon,0.96,housenumber,05023_0055_00001,1,Rue Aspirant Jan,,05100,Briançon,"05, Hautes-Alpes, Provence-Alpes-Côte d'Azur",05023,,,
200034957,"3 rue du vige, 31620 Bouloc",CC DU FRONTONNAIS,CC,43.780804,1.404801,3 Rue du Vigé 31620 Bouloc,0.95,housenumber,31079_0730_00003,3,Rue du Vigé,,31620,Bouloc,"31, Haute-Garonne, Occitanie",31079,,,
200070530,"7 route du bois de sapin, 71400 Autun",CC DU GRAND AUTUNOIS MORVAN,CC,46.948471,4.283421,7 Route du Bois de Sapin 71400 Autun,0.96,housenumber,71014_0285_00007,7,Route du Bois de Sapin,,71400,Autun,"71, Saône-et-Loire, Bourgogne-Franche-Comté",71014,,,
240300491,"boulevard de l'hotel de ville, 03120 Lapalisse",CC DU PAYS DE LAPALISSE,CC,46.250043,3.638381,Boulevard de l’Hotel de Ville 03120 Lapalisse,0.95,street,03138_0460,,Boulevard de l’Hotel de Ville,,03120,Lapalisse,"03, Allier, Auvergne-Rhône-Alpes",03138,,,
200072080,"rue du puits st joseph, 63700 Saint-eloy-les-mines",CC DU PAYS DE SAINT ELOY,CC,46.162494,2.835671,Rue du Puits Saint Joseph 63700 Saint-Éloy-les-Mines,0.87,street,63338_0657,,Rue du Puits Saint Joseph,,63700,Saint-Éloy-les-Mines,"63, Puy-de-Dôme, Auvergne-Rhône-Alpes",63338,,,
241501139,"place du chateau, 15140 Salers",CC DU PAYS DE SALERS,CC,45.138892,2.493518,Place du Château 15140 Salers,0.94,street,15219_0013,,Place du Château,,15140,Salers,"15, Cantal, Auvergne-Rhône-Alpes",15219,,,
246900740,"route st laurent d'agny, 69440 Mornant",CC DU PAYS MORNANTAIS,CC,45.627652,4.670294,Route de Saint-Laurent-d’Agny 69440 Mornant,0.78,street,69141_0507,,Route de Saint-Laurent-d’Agny,,69440,Mornant,"69, Rhône, Auvergne-Rhône-Alpes",69141,,,
248400236,"307 avenue de l arc de triomphe, 84100 Orange",CC DU PAYS REUNI D'ORANGE,CC,44.141372,4.80495,307 Avenue de l’Arc de Triomphe 84100 Orange,0.97,housenumber,84087_0150_00307,307,Avenue de l’Arc de Triomphe,,84100,Orange,"84, Vaucluse, Provence-Alpes-Côte d'Azur",84087,,,
246000566,"140 rue verte, 60130 Le plessier-sur-saint-just",CC DU PLATEAU PICARD,CC,49.50981,2.448665,140 Rue Verte 60130 Le Plessier-sur-Saint-Just,0.95,housenumber,60498_0061_00140,140,Rue Verte,,60130,Le Plessier-sur-Saint-Just,"60, Oise, Hauts-de-France",60498,,,
243500667,"la metairie, 35520 Montreuil-le-gast",CC DU VAL D'ILLE AUBIGNE,CC,48.245629,-1.717737,La Métairie 35520 Montreuil-le-Gast,0.94,street,35193_v1y3ap,,La Métairie,,35520,Montreuil-le-Gast,"35, Ille-et-Vilaine, Bretagne",35193,,,
242600252,"96 ronde des alisiers, 26400 Eurre",CC DU VAL DE DROME EN BIOVALLEE,CC,44.736073,4.978483,96 Ronde des Alisiers 26400 Eurre,0.94,housenumber,26125_0065_00096,96,Ronde des Alisiers,,26400,Eurre,"26, Drôme, Auvergne-Rhône-Alpes",26125,,,
200065894,"13 avenue jean jaures, 42110 Feurs",CC FOREZ EST,CC,45.744019,4.227485,13 Avenue Jean Jaurés 42110 Feurs,0.96,housenumber,42094_0480_00013,13,Avenue Jean Jaurés,,42110,Feurs,"42, Loire, Auvergne-Rhône-Alpes",42094,,,
200066637,"4 rue du faubourg notre dame, 15300 Murat",CC HAUTES TERRES COMMUNAUTE,CC,45.11087,2.869814,4 Rue du Faubourg Nôtre-Dame 15300 Murat,0.96,housenumber,15138_0460_00004,4,Rue du Faubourg Nôtre-Dame,,15300,Murat,"15, Cantal, Auvergne-Rhône-Alpes",15138,15138,Murat,
200069086,"moulin de blanchardeau, 22290 Lanvollon",CC LEFF ARMOR,CC,48.624998,-2.994998,Route de Blanchardeau 22290 Lanvollon,0.75,street,22121_0030,,Route de Blanchardeau,,22290,Lanvollon,"22, Côtes-d'Armor, Bretagne",22121,,,
243500550,"4 place du tribunal, 35160 Montfort-sur-meu",CC MONFORT COMMUNAUTE,CC,48.138347,-1.956585,4 Place du Tribunal 35160 Montfort-sur-Meu,0.95,housenumber,35188_1080_00004,4,Place du Tribunal,,35160,Montfort-sur-Meu,"35, Ille-et-Vilaine, Bretagne",35188,,,
200070787,"1 place de la republique, 65300 Lannemezan",CC PALTEAU DE LANNEMEZAN,CC,43.125895,0.384783,1 Place de la République 65300 Lannemezan,0.96,housenumber,65258_0490_00001,1,Place de la République,,65300,Lannemezan,"65, Hautes-Pyrénées, Occitanie",65258,,,
240300756,"route nationale, 03230 Chevagnes",CC PAYS DE CHEVAGNES,CC,46.610074,3.55011,Route Nationale 03230 Chevagnes,0.95,street,03074_sjse48,,Route Nationale,,03230,Chevagnes,"03, Allier, Auvergne-Rhône-Alpes",03074,,,
248400319,"350 avenue de la petite marine, 84800 L'isle-sur-la-sorgue",CC PAYS DES SORGUES MONTS DE VAUCLUSE,CC,43.922281,5.02476,350 Avenue de la Petite Marine 84800 L'Isle-sur-la-Sorgue,0.96,housenumber,84054_1191_00350,350,Avenue de la Petite Marine,,84800,L'Isle-sur-la-Sorgue,"84, Vaucluse, Provence-Alpes-Côte d'Azur",84054,,,
200071199,"158 grand rue, 63260 Aigueperse",CC PLAINE LIMAGNE,CC,46.022741,3.202648,158 Grande Rue 63260 Aigueperse,0.88,housenumber,63001_0035_00158,158,Grande Rue,,63260,Aigueperse,"63, Puy-de-Dôme, Auvergne-Rhône-Alpes",63001,,,
242900744,"place de la tour d auvergne, 29270 Carhaix-plouguer",CC POHER COMMUNAUTE,CC,48.275293,-3.574878,Rue de la Tour d’Auvergne 29270 Carhaix-Plouguer,0.85,street,29024_1600,,Rue de la Tour d’Auvergne,,29270,Carhaix-Plouguer,"29, Finistère, Bretagne",29024,,,
200068377,"4 rue des grands moulins, 88200 Saint-etienne-les-remiremont",CC PORTE DES VOSGES MERIDIONALES,CC,48.021284,6.602376,4 Rue des Grands Moulins 88200 Saint-Étienne-lès-Remiremont,0.96,housenumber,88415_0111_00004,4,Rue des Grands Moulins,,88200,Saint-Étienne-lès-Remiremont,"88, Vosges, Grand Est",88415,,,
200066884,"370 avenue du 8 mai 1945, 82800 Negrepelisse",CC QUERCY VERT AVEYRON,CC,44.074907,1.516212,370 Avenue du 8 Mai 1945 82800 Nègrepelisse,0.96,housenumber,82134_0110_00370,370,Avenue du 8 Mai 1945,,82800,Nègrepelisse,"82, Tarn-et-Garonne, Occitanie",82134,,,
200068146,"3 tsse normandie, 57400 Sarrebourg",CC SARREBOURG MOSELLE SUD,CC,48.72223,7.043154,3 Terrasse Normandie 57400 Sarrebourg,0.81,housenumber,57630_a195_00003,3,Terrasse Normandie,,57400,Sarrebourg,"57, Moselle, Grand Est",57630,,,
243100773,"2 avenue saint exupery, 31340 Villemur-sur-tarn",CC VAL AIGO,CC,43.86082,1.500555,2 Avenue Saint-Exupéry 31340 Villemur-sur-Tarn,0.96,housenumber,31584_0850_00002,2,Avenue Saint-Exupéry,,31340,Villemur-sur-Tarn,"31, Haute-Garonne, Occitanie",31584,,,
200041465,"21 avenue de saunier, 07160 Le cheylard",CC VAL'EYRIEUX,CC,44.91003,4.425554,21 Avenue de Saunier 07160 Le Cheylard,0.95,housenumber,07064_0120_00021,21,Avenue de Saunier,,07160,Le Cheylard,"07, Ardèche, Auvergne-Rhône-Alpes",07064,,,
241300375,"23 avenue des joncades basses, 13210 Saint-remy-de-provence",CC VALLEE DES BAUX ALPILLES,CC,43.794258,4.777899,23 Avenue des Joncades Basses 13210 Saint-Rémy-de-Provence,0.96,housenumber,13100_0707_00023,23,Avenue des Joncades Basses,,13210,Saint-Rémy-de-Provence,"13, Bouches-du-Rhône, Provence-Alpes-Côte d'Azur",13100,,,
200034718,"place de l hotel de ville, 51300 Vitry-le-francois",CC VITRY CHAMPAGNE ET DER,CC,48.725061,4.588742,Place de l’Hôtel de Ville 51300 Vitry-le-François,0.96,street,51649_0870,,Place de l’Hôtel de Ville,,51300,Vitry-le-François,"51, Marne, Grand Est",51649,,,
243100658,"34 avenue de toulouse, 31390 Carbonne",CC VOLVESTRE,CC,43.299757,1.224997,34 Avenue de Toulouse 31390 Carbonne,0.96,housenumber,31107_0185_00034,34,Avenue de Toulouse,,31390,Carbonne,"31, Haute-Garonne, Occitanie",31107,,,
200066876,"place du marechal foch, 51000 Chalons-en-champagne",CA DE CHALONS EN CHAMPAGNE,CA,48.956649,4.362286,Place du Maréchal Foch 51000 Châlons-en-Champagne,0.97,street,51108_2140,,Place du Maréchal Foch,,51000,Châlons-en-Champagne,"51, Marne, Grand Est",51108,,,
249730045,"4 esplanade de la cite d'affaire, 97351 Matoury",COMMUNAUTE D'AGGLOMERATION DU CENTRE LITTORAL,CA,4.886265,-52.333659,Cite Jean Marie Est 97351 Matoury,0.39,street,97307_A028,,Cite Jean Marie Est,,97351,Matoury,"973, Guyane",97307,,,
820657971,"5 avenue garibaldi, 21000 Dijon",CRT BOURGOGNE FC,OACT,47.327763,5.043791,5 Avenue Garibaldi 21000 Dijon,0.97,housenumber,21231_3510_00005,5,Avenue Garibaldi,,21000,Dijon,"21, Côte-d'Or, Bourgogne-Franche-Comté",21231,,,
245900428,"pertuis de la marine, 59140 Dunkerque",CU DE DUNKERQUE,CU,51.036493,2.370767,Rue du Pertuis de la Marine 59140 Dunkerque,0.81,street,59183_1279,,Rue du Pertuis de la Marine,,59140,Dunkerque,"59, Nord, Hauts-de-France",59183,,,
200069854,"15 place du marechal leclerc, 86000 Poitiers",CU DU GRAND POITIERS,CU,46.58019,0.340719,15 Place du Maréchal Leclerc 86000 Poitiers,0.97,housenumber,86194_2670_00015,15,Place du Maréchal Leclerc,,86000,Poitiers,"86, Vienne, Nouvelle-Aquitaine",86194,,,
200067213,"3 rue eugene desteuque, 51100 Reims",CU GRAND REIMS,CU,49.255165,4.036108,3 Rue Eugène Desteuque 51100 Reims,0.98,housenumber,51454_3430_00003,3,Rue Eugène Desteuque,,51100,Reims,"51, Marne, Grand Est",51454,,,
200084952,"19 rue georges braque, 76600 Le havre",CU LE HAVRE SEINE METROPOLE,CU,49.495033,0.104816,19 Rue Georges Braque 76600 Le Havre,0.98,housenumber,76351_3490_00019,19,Rue Georges Braque,,76600,Le Havre,"76, Seine-Maritime, Normandie",76351,,,
200067064,"avenue du 10 aout, 12300 Decazeville",DECAZEVILLE COMMUNAUTE,CC,44.558601,2.255031,Avenue du 10 Aout 12300 Decazeville,0.95,street,12089_0360,,Avenue du 10 Aout,,12300,Decazeville,"12, Aveyron, Occitanie",12089,,,
200057974,"9 route de vaugirard, 92190 Meudon",EPT GRAND PARIS SEINE OUEST (GPSO - T3),EPT,48.820083,2.242156,9 Route de Vaugirard 92190 Meudon,0.97,housenumber,92048_2510_00009,9,Route de Vaugirard,,92190,Meudon,"92, Hauts-de-Seine, Île-de-France",92048,,,
200058014,"2 avenue youri gagarine, 94400 Vitry-sur-seine",ETP GRAND ORLY SEINE BIEVRE (T12),EPT,48.788617,2.388681,2 Avenue Youri Gagarine 94400 Vitry-sur-Seine,0.97,housenumber,94081_9965_00002,2,Avenue Youri Gagarine,,94400,Vitry-sur-Seine,"94, Val-de-Marne, Île-de-France",94081,,,
200058006,"14 rue edouard le corbusier, 94000 Creteil",ETP GRAND PARIS SUD EST AVENIR (GPSEA - T11),EPT,48.76486,2.469805,14 Rue le Corbusier 94000 Créteil,0.78,housenumber,94028_3134_00014,14,Rue le Corbusier,,94000,Créteil,"94, Val-de-Marne, Île-de-France",94028,,,
246700488,"1 parc de l'etoile, 67100 Strasbourg",EUROMETROPOLE DE STRASBOURG,MET,48.573419,7.75297,1 Parc de l’Etoile 67000 Strasbourg,0.86,housenumber,67482_2161_00001,1,Parc de l’Etoile,,67000,Strasbourg,"67, Bas-Rhin, Grand Est",67482,,,
241600253,"25 boulevard besson bey, 16000 Angouleme",GRAND ANGOULEME,CA,45.6586,0.160605,25 Boulevard Besson Bey 16000 Angoulême,0.97,housenumber,16015_0585_00025,25,Boulevard Besson Bey,,16000,Angoulême,"16, Charente, Nouvelle-Aquitaine",16015,,,
200040715,"3 rue malakoff, 38000 Grenoble",GRENOBLE ALPES METROPOLE,MET,45.188801,5.73914,3 Rue Malakoff 38000 Grenoble,0.97,housenumber,38185_4620_00003,3,Rue Malakoff,,38000,Grenoble,"38, Isère, Auvergne-Rhône-Alpes",38185,,,
200067460,"4 boulevard de la gare, 22600 Loudeac",LOUDEAC COMMUNAUTE,CC,48.177645,-2.759338,4 Boulevard de la Gare 22600 Loudéac,0.96,housenumber,22136_0720_00004,4,Boulevard de la Gare,,22600,Loudéac,"22, Côtes-d'Armor, Bretagne",22136,,,
200060010,"rue robert schuman, 49600 Beaupreau-en-mauges",MAUGES COMMUNAUTE,CA,47.208942,-0.981445,Rue Robert Schuman (beaupréau) 49600 Beaupréau-en-Mauges,0.79,street,49023_406h7b,,Rue Robert Schuman (beaupréau),,49600,Beaupréau-en-Mauges,"49, Maine-et-Loire, Pays de la Loire",49023,49023,Beaupréau,
200054807,"58 boulevard charles livon, 13007 Marseille 7",METROPOLE AIX MARSEILLE PROVENCE,MET,43.292154,5.359124,58 Boulevard Charles Livon 13007 Marseille,0.93,housenumber,13207_2090_00058,58,Boulevard Charles Livon,,13007,Marseille,"13, Bouches-du-Rhône, Provence-Alpes-Côte d'Azur",13207,,,Marseille 7e Arrondissement
200046977,"20 rue du lac, 69003 Lyon 3eme",METROPOLE DE LYON,MET,45.758093,4.8544,20 Rue du Lac 69003 Lyon,0.81,housenumber,69383_4075_00020,20,Rue du Lac,,69003,Lyon,"69, Rhône, Auvergne-Rhône-Alpes",69383,,,Lyon 3e Arrondissement
245400676,"22 viaduc john f kennedy, 54000 Nancy",METROPOLE DU GRAND NANCY,MET,48.686087,6.174917,22 Viaduc J.f. Kennedy 54000 Nancy,0.84,housenumber,54395_ul4rtl_00022,22,Viaduc J.f. Kennedy,,54000,Nancy,"54, Meurthe-et-Moselle, Grand Est",54395,,,
245900410,"1 rue du ballon, 59800 Lille",METROPOLE EUROPEENNE DE LILLE,MET,50.642218,3.076273,1 Rue du Ballon 59800 Lille,0.98,housenumber,59350_0513_00001,1,Rue du Ballon,,59800,Lille,"59, Nord, Hauts-de-France",59350,59350,Lille,
200030195,"5 rue de l hotel de ville, 06300 Nice",METROPOLE NICE COTE D'AZUR,MET,43.696197,7.271743,5 Rue de l’Hôtel de Ville 06300 Nice,0.97,housenumber,06088_3250_00005,5,Rue de l’Hôtel de Ville,,06300,Nice,"06, Alpes-Maritimes, Provence-Alpes-Côte d'Azur",06088,,,
200039865,"1 place du parlement de metz, 57000 Metz",METZ METROPOLE,MET,49.107222,6.176868,1 Place du Parlement de Metz 57000 Metz,0.96,housenumber,57463_4785_00001,1,Place du Parlement de Metz,,57000,Metz,"57, Moselle, Grand Est",57463,,,
243400017,"50 place zeus, 34000 Montpellier",MONTPELLIER MEDITERRANEE METROPOLE,MET,43.6078,3.890743,50 Place Zeus 34000 Montpellier,0.97,housenumber,34172_8168_00050,50,Place Zeus,,34000,Montpellier,"34, Hérault, Occitanie",34172,,,
244400404,"2 crs du champ de mars, 44000 Nantes",NANTES METROPOLE,MET,47.213797,-1.544258,2 Cours du Champ de Mars 44000 Nantes,0.87,housenumber,44109_1577_00002,2,Cours du Champ de Mars,,44000,Nantes,"44, Loire-Atlantique, Pays de la Loire",44109,,,
200041317,"140 rue des equarts, 79000 Niort",NIORT AGGLOMERATION,CA,46.318491,-0.483811,140 Rue des Equarts 79000 Niort,0.97,housenumber,79191_1720_00140,140,Rue des Equarts,,79000,Niort,"79, Deux-Sèvres, Nouvelle-Aquitaine",79191,,,
244500468,"5 place du 6 juin 1944, 45000 Orleans",ORLEANS METROPOLE,MET,47.903674,1.917462,5 Place du 6 Juin 1944 45000 Orléans,0.97,housenumber,45234_6396_00005,5,Place du 6 Juin 1944,,45000,Orléans,"45, Loiret, Centre-Val de Loire",45234,,,
250600723,"29 boulevard de la ferrage, 06400 Cannes",PALMBUS CA CANNES PAYS DE LERINS,AGCT,43.553273,7.014211,29 Boulevard de la Ferrage 06400 Cannes,0.97,housenumber,06029_1190_00029,29,Boulevard de la Ferrage,,06400,Cannes,"06, Alpes-Maritimes, Provence-Alpes-Côte d'Azur",06029,,,
200057958,"5 cours de l arche guedon, 77200 Torcy",PARIS VALLEE DE MARNE,CA,48.850112,2.636511,5 Cours de l’Arche Guedon 77200 Torcy,0.96,housenumber,77468_0008_00005,5,Cours de l’Arche Guedon,,77200,Torcy,"77, Seine-et-Marne, Île-de-France",77468,,,
200033736,"18 rue jean jaures, 29200 Brest",POLE METROPOLITAIN DU PAYS DE BREST,AGCT,48.391773,-4.483744,18 Rue Jean Jaurès 29200 Brest,0.98,housenumber,29019_2285_00018,18,Rue Jean Jaurès,,29200,Brest,"29, Finistère, Bretagne",29019,,,
243500139,"4 avenue henri freville, 35200 Rennes",RENNES METROPOLE,MET,48.093066,-1.67494,4 Avenue Henri Fréville 35200 Rennes,0.98,housenumber,35238_4331_00004,4,Avenue Henri Fréville,,35200,Rennes,"35, Ille-et-Vilaine, Bretagne",35238,,,
248300543,"107 boulevard henri fabre, 83000 Toulon",TOULON PROVENCE MEDITERRANEE,MET,43.118603,5.944222,107 Boulevard Henri Fabre 83000 Toulon,0.96,housenumber,83137_3569_00107,107,Boulevard Henri Fabre,,83000,Toulon,"83, Var, Provence-Alpes-Côte d'Azur",83137,,,
243100518,"6 rue rene leduc, 31500 Toulouse",TOULOUSE METROPOLE,MET,43.611189,1.456189,6 Rue René Leduc 31500 Toulouse,0.97,housenumber,31555_7413_00006,6,Rue René Leduc,,31500,Toulouse,"31, Haute-Garonne, Occitanie",31555,,,
243700754,"60 avenue marcel dassault, 37200 Tours",TOURS METROPOLE VAL DE LOIRE,MET,47.363857,0.676654,60 Avenue Marcel Dassault 37200 Tours,0.97,housenumber,37261_3307_00060,60,Avenue Marcel Dassault,,37200,Tours,"37, Indre-et-Loire, Centre-Val de Loire",37261,,,
243400470,"300 avenue jacqueline auriol, 34130 Mauguio",TRANSP'OR CA PAYS DE L'OR,CA,43.61615,4.004074,Avenue Gabriel Aldie 34130 Mauguio,0.49,street,34154_0275,,Avenue Gabriel Aldie,,34130,Mauguio,"34, Hérault, Occitanie",34154,,,
200072064,"15 a rue des entrepreneurs, 41700 Le controis-en-sologne",VAL DE CHER CONTROIS,CC,47.433378,1.445471,15a Rue des Entrepreneurs 41700 Le Controis-en-Sologne,0.9,housenumber,41059_0058_00015_a,15a,Rue des Entrepreneurs,,41700,Le Controis-en-Sologne,"41, Loir-et-Cher, Centre-Val de Loire",41059,41059,Contres,
241800507,"23 boulevard mal foch, 18000 Bourges",BOURGES PLUS AGGLOMERATION,CA,47.075877,2.406054,23 Boulevard du Marechal Foch 18000 Bourges,0.8,housenumber,18033_3750_00023,23,Boulevard du Marechal Foch,,18000,Bourges,"18, Cher, Centre-Val de Loire",18033,,,
244000865,"allée des camelias, 40230 Saint-vincent-de-tyrosse",CC MAREMNE ADOUR COTE-SUD (CCMACS),CC,43.661713,-1.31573,Allée des Camélias 40230 Saint-Vincent-de-Tyrosse,0.95,street,40284_0450,,Allée des Camélias,,40230,Saint-Vincent-de-Tyrosse,"40, Landes, Nouvelle-Aquitaine",40284,,,
246300701,"64 avenue de l union sovietique, 63000 Clermont-ferrand",CLERMONT-FERRAND METROPOLE,MET,45.7808,3.103654,64 Avenue de l’Union Soviétique 63000 Clermont-Ferrand,0.98,housenumber,63113_4515_00064,64,Avenue de l’Union Soviétique,,63000,Clermont-Ferrand,"63, Puy-de-Dôme, Auvergne-Rhône-Alpes",63113,,,
249100546,"rue blanchard, 91610 Ballancourt-sur-essonne",CC VAL D'ESSONNE,CC,48.528094,2.379738,Rue Blanchard 91610 Ballancourt-sur-Essonne,0.96,street,91045_0060,,Rue Blanchard,,91610,Ballancourt-sur-Essonne,"91, Essonne, Île-de-France",91045,,,
200040491,"2 rue francoise barre sinoussi, 26240 Saint-vallier",CC PORTE DROME ARDECHE,CC,45.165582,4.821778,2 Rue Françoise Barre Sinoussi 26240 Saint-Vallier,0.95,housenumber,26333_0202_00002,2,Rue Françoise Barre Sinoussi,,26240,Saint-Vallier,"26, Drôme, Auvergne-Rhône-Alpes",26333,,,
200056380,"1 avenue foch, 95160 Montmorency",CA PLAINE VALLEE,CA,48.989398,2.319267,Avenue Foch 95160 Montmorency,0.9,street,95428_0750,,Avenue Foch,,95160,Montmorency,"95, Val-d'Oise, Île-de-France",95428,,,
200080364,"3 rue des freres arnaud, 04400 Barcelonnette",PAYS SERRE-PONCON UBAYE DURANCE,CC,44.386644,6.649703,3 Avenue des Trois Frères Arnaud 04400 Barcelonnette,0.73,housenumber,04019_0540_00003,3,Avenue des Trois Frères Arnaud,,04400,Barcelonnette,"04, Alpes-de-Haute-Provence, Provence-Alpes-Côte d'Azur",04019,,,
244901013,"15 rue de la fuye, 49320 Les garennes sur loire",CC LOIRE LAYON AUBANCE,CC,47.38946,-0.504654,15 Rue de la Fuye 49610 Les Garennes sur Loire,0.84,housenumber,49167_0100_00015,15,Rue de la Fuye,,49610,Les Garennes sur Loire,"49, Maine-et-Loire, Pays de la Loire",49167,49167,Juigné-sur-Loire,
200060010,"rue robert schuman, 49600 Beaupreau-en-mauges",MAUGES COMMUNAUTE,CA,47.208942,-0.981445,Rue Robert Schuman (beaupréau) 49600 Beaupréau-en-Mauges,0.79,street,49023_406h7b,,Rue Robert Schuman (beaupréau),,49600,Beaupréau-en-Mauges,"49, Maine-et-Loire, Pays de la Loire",49023,49023,Beaupréau,
240400440,"grand carre, 04300 Forcalquier",CC PAYS DE FORCALQUIER,CC,43.965655,5.794423,Rue des Cades 04300 Forcalquier,0.52,street,04088_0133,,Rue des Cades,,04300,Forcalquier,"04, Alpes-de-Haute-Provence, Provence-Alpes-Côte d'Azur",04088,,,
243500659,"16 rue de rennes, 35410 Chateaugiron",CC  CHATEAUGIRON COMMUNAUTE,CC,48.054229,-1.512171,16 Rue de Rennes 35410 Châteaugiron,0.96,housenumber,35069_0440_00016,16,Rue de Rennes,,35410,Châteaugiron,"35, Ille-et-Vilaine, Bretagne",35069,35069,Châteaugiron,
200072049,"8 rue fontaine des jardins, 16500 Confolens",CC CHARENTE LIMOUSINE,CC,46.012696,0.671937,8 Rue Fontaine des Jardins 16500 Confolens,0.95,housenumber,16106_0740_00008,8,Rue Fontaine des Jardins,,16500,Confolens,"16, Charente, Nouvelle-Aquitaine",16106,16106,Confolens,
249400078,"92 avenue du general de gaulle, 94170 Le perreux-sur-marne",CA PARIS - VALLEE DE LA MARNE,CA,48.839622,2.508071,92 Avenue du Général de Gaulle 94170 Le Perreux-sur-Marne,0.98,housenumber,94058_4135_00092,92,Avenue du Général de Gaulle,,94170,Le Perreux-sur-Marne,"94, Val-de-Marne, Île-de-France",94058,,,
200044543,"31 boulevard emile roux, 16000 Angouleme",ATD DE LA CHARENTE,OACT,45.645692,0.157959,31 Boulevard Emile Roux 16000 Angoulême,0.96,housenumber,16015_1430_00031,31,Boulevard Emile Roux,,16000,Angoulême,"16, Charente, Nouvelle-Aquitaine",16015,,,
252405147,"2 place hoche, 24000 Perigueux",ATD DE LA DORDOGNE,OACT,45.181895,0.721408,2 Place Hoche 24000 Périgueux,0.96,housenumber,24322_1950_00002,2,Place Hoche,,24000,Périgueux,"24, Dordogne, Nouvelle-Aquitaine",24322,,,
200046050,"place de la republique, 41000 Blois",SMO VAL DE LOIRE NUMERIQUE,OACT,47.590143,1.333835,Place de la Republique 41000 Blois,0.96,street,41018_3340,,Place de la Republique,,41000,Blois,"41, Loir-et-Cher, Centre-Val de Loire",41018,,,
210501524,05800 Saint-maurice-en-valgodemard,SAINT-MAURICE-EN-VALGODEMAR,COM,44.802872,6.101125,Saint-Maurice-en-Valgodemard,0.93,municipality,05152,,Saint-Maurice-en-Valgodemard,,05800,Saint-Maurice-en-Valgodemard,"05, Hautes-Alpes, Provence-Alpes-Côte d'Azur",05152,,,
244500203,"1 rue du faubourg de la chaussee, 45200 Montargis",CA MONTARGOISE ET RIVE DU LOING,CA,47.997743,2.736235,1 Rue du Faubourg de la Chaussee 45200 Montargis,0.96,housenumber,45208_0690_00001,1,Rue du Faubourg de la Chaussee,,45200,Montargis,"45, Loiret, Centre-Val de Loire",45208,,,
200059889,"rue des chevries, 78410 Aubergenville",CU GRAND PARIS SEINE & OISE (GPSEO),CU,48.970753,1.856923,Rue des Chevries 78410 Aubergenville,0.96,street,78029_0101,,Rue des Chevries,,78410,Aubergenville,"78, Yvelines, Île-de-France",78029,,,
130011224,"2 quai de verdun, 82000 Montauban",DDT TARN ET GARONNE,OACT,44.019913,1.350227,2 Quai de Verdun 82000 Montauban,0.96,housenumber,82121_7830_00002,2,Quai de Verdun,,82000,Montauban,"82, Tarn-et-Garonne, Occitanie",82121,,,
